Type,Question,Réponse,Modèle,Score,Feedback,Configuration,Model,Execution Time (s)
,Pourquoi le col de Teghime est-il considéré comme un lieu symbolique pour les Bastiais ?,"car il sépare les deux mers, la méditérranée et tyrrhénienne, relie plusieurs communes et porte un lourd souvenir du passé de la 2nde gm",final_mistral-large-latest,6,"Ta réponse évoque bien la situation géographique du col de Teghime, notamment son rôle de séparation entre deux mers et son lien avec l’histoire, comme la Seconde Guerre mondiale. Cependant, pour refléter pleinement ce que ce lieu représente pour les Bastiais, il serait important d’approfondir certains aspects.

Le col de Teghime est avant tout un symbole fort pour les habitants de Bastia, car il offre une vue imprenable sur une division *imaginaire* mais marquante de la Méditerranée. Cette perspective unique, où l’on peut presque toucher du regard les deux parties de la mer, est au cœur de son importance culturelle et identitaire. De plus, son rôle de passage est-ouest, reliant plusieurs communes, en fait un lieu de mémoire et de connexion entre les territoires.

Pour enrichir ta réponse, tu pourrais insister sur ces dimensions symboliques et culturelles, qui donnent tout son sens à ce site pour les Bastiais.","3 eval(ministral-3b-latest, ministral-3b-latest, ministral-3b-latest) + final(mistral-large-latest)",,
,"Comment le mouvement de revitalisation culturelle corse, appelé 'Riacquistu', s'est-il manifesté dans les années 1970, notamment à travers la musique ?","Il s'est manifesté par la paghjella, revitalisée en 1955 par jacques luciani et l'abbé Filippi, puis par le Riacquistu, avec des groupes comme canta u populu corsu, à partir des années 70",final_mistral-large-latest,7,"Ta réponse cerne bien certains aspects du mouvement *Riacquistu*, notamment en citant des groupes emblématiques comme *Canta u populu corsu* qui ont marqué les années 1970. Cependant, pour restituer pleinement l’esprit et les enjeux de cette période, quelques précisions mériteraient d’être apportées.

Le *Riacquistu* était avant tout une réponse collective et engagée d’une jeunesse corse refusant la négation de son identité. Ce mouvement s’est exprimé avec force à travers la musique, notamment lors d’événements symboliques comme les fêtes de *Sant’Alesiu*, où la polyphonie corse est devenue un véritable outil de revendication culturelle. La paghjella, par exemple, a joué un rôle central dans cette dynamique, mais c’est surtout dans les années 1970 qu’elle a été réinvestie comme symbole de résistance et d’affirmation identitaire.

Pour affiner ta réponse, tu pourrais insister sur ce contexte précis : comment la musique, et en particulier la polyphonie, a servi de vecteur pour exprimer ce rejet de l’effacement culturel et comment des moments clés, comme ceux évoqués plus haut, ont cristallisé cette prise de conscience collective.","3 eval(ministral-3b-latest, ministral-3b-latest, ministral-3b-latest) + final(mistral-large-latest)",,
,En quoi le collège Simon-Jean Vinciguerra est-il considéré comme un 'monument vivant' selon le texte ?,il est créé suite à la mission du père Landini en 1552 consistant à limiter les dérives du clergé corse. Les premiers cours y ont eu lieu en 1601 et son oratoire est exemplaire de l'art baroque,final_mistral-large-latest,5,"Ta réponse évoque certains aspects intéressants du collège jésuite de Bastia, notamment son lien avec l’histoire religieuse et son architecture baroque. Cependant, pour saisir pleinement ce qui en fait un *monument vivant*, il manque quelques éléments clés.

Ce lieu ne se contente pas d’incarner un patrimoine architectural : il est aussi le témoin d’une histoire éducative et culturelle profondément ancrée dans l’identité bastiaise. Depuis sa fondation par les Jésuites au XVIe siècle, il a joué un rôle central dans la transmission des savoirs et des valeurs, marquant durablement la ville. Son oratoire baroque, par exemple, n’est pas seulement un chef-d’œuvre artistique : il symbolise aussi cette continuité entre passé et présent, entre héritage et modernité.

Pour aller plus loin, tu pourrais souligner comment ce collège, au-delà de son architecture, reste un symbole vivant de l’éducation et de la culture en Corse. Qu’est-ce qui, selon toi, fait de lui un lieu toujours actuel et pertinent pour les Bastiais ?","3 eval(ministral-3b-latest, ministral-3b-latest, ministral-3b-latest) + final(mistral-large-latest)",,
,Pourquoi la ville de Bastia a-t-elle pu ressentir un sentiment d'injustice envers Ajaccio en 1811 ?,"La raison vient des conséquences de la Révolution française, qui laissa Bastia comme chef-lieu du département. Le département est ensuite coupé en deux, puis réunifié par Napoléon en 1811, qui déclare Ajaccio comme chef lieu et non Bastia",final_mistral-large-latest,8,"Ta réponse restitue avec justesse les événements historiques qui ont marqué Bastia en 1811. En effet, la décision de Napoléon de faire d’Ajaccio le chef-lieu du département, au détriment de Bastia, a profondément marqué les esprits. Cette réorganisation administrative, intervenue après des siècles où Bastia avait joué un rôle central, a nourri un sentiment d’injustice durable chez ses habitants.

Ce choix n’était pas anodin : il reflétait une volonté de rééquilibrer le pouvoir en Corse, mais il a aussi laissé des traces dans la mémoire collective bastiaise. Pendant 165 ans, cette situation a influencé la dynamique territoriale et les relations entre les deux villes.

Peut-être pourrais-tu ajouter une touche plus personnelle en te demandant : comment ce sentiment d’injustice a-t-il pu façonner l’identité bastiaise au fil du temps ?","3 eval(ministral-3b-latest, ministral-3b-latest, ministral-3b-latest) + final(mistral-large-latest)",,
,Pourquoi peut-on dire que Sermanu est un symbole de résistance dans le contexte du chant corse ?,"car il a vu faire réapparaître la paghjella, c'est un foyer de réappropriation culturelle (le riacquistu). La fête de Sant'Alesiu a été un événement qui a revitaliser les polyphonies corses",final_mistral-large-latest,9,"Ta réponse capture parfaitement l’essence de Sermanu comme symbole de la résistance culturelle corse. En évoquant la fête de *Sant’Alesiu* et son rôle dans la renaissance des polyphonies, tu as su montrer comment ce village est devenu un véritable foyer du mouvement *Riacquistu*. 

Ce qui rend ta réponse particulièrement pertinente, c’est cette idée de réappropriation identitaire à travers le chant. La paghjella, par exemple, n’est pas qu’une tradition musicale : elle incarne une forme de résistance, un moyen pour les Corses de se réapproprier leur histoire et leur culture. Sermanu, avec ses fêtes et ses chants, est ainsi devenu un lieu où se transmet cette mémoire collective, où se forge une identité fière et assumée.

Peut-être pourrais-tu aller encore plus loin en te demandant : comment ces traditions, nées dans des villages comme Sermanu, continuent-elles d’inspirer les générations actuelles ?","3 eval(ministral-3b-latest, ministral-3b-latest, ministral-3b-latest) + final(mistral-large-latest)",,
Model Timing,,,,,,"3 eval(ministral-3b-latest, ministral-3b-latest, ministral-3b-latest) + final(mistral-large-latest)",ministral-3b-latest,11.570
Model Timing,,,,,,"3 eval(ministral-3b-latest, ministral-3b-latest, ministral-3b-latest) + final(mistral-large-latest)",final_mistral-large-latest,73.278
,Pourquoi le col de Teghime est-il considéré comme un lieu symbolique pour les Bastiais ?,"car il sépare les deux mers, la méditérranée et tyrrhénienne, relie plusieurs communes et porte un lourd souvenir du passé de la 2nde gm",final_mistral-small,7,"Votre réponse mentionne correctement la séparation des mers et l'importance historique du col de Teghime. Cependant, elle aurait gagné à préciser la vue sur « les deux mers » et la traversée est-ouest, éléments clés de la symbolique du col de Teghime pour les Bastiais. De plus, il serait utile d'éviter les informations non pertinentes comme le lien entre les communes et le souvenir de la Seconde Guerre mondiale, qui ne sont pas demandés dans la question.","3 eval(mistral-small, mistral-small, mistral-small) + final(mistral-small)",,
,"Comment le mouvement de revitalisation culturelle corse, appelé 'Riacquistu', s'est-il manifesté dans les années 1970, notamment à travers la musique ?","Il s'est manifesté par la paghjella, revitalisée en 1955 par jacques luciani et l'abbé Filippi, puis par le Riacquistu, avec des groupes comme canta u populu corsu, à partir des années 70",final_mistral-small,6,"Votre réponse mentionne correctement la paghjella et le groupe 'Canta u populu corsu'. Cependant, elle aurait gagné à préciser le contexte du rejet de la négation de l'identité corse par la jeunesse engagée et l'importance des fêtes comme Sant'Alesiu à Sermanu. De plus, il serait utile d'éviter les informations non pertinentes comme la revitalisation de la paghjella en 1955, qui ne sont pas demandées dans la question.","3 eval(mistral-small, mistral-small, mistral-small) + final(mistral-small)",,
,En quoi le collège Simon-Jean Vinciguerra est-il considéré comme un 'monument vivant' selon le texte ?,il est créé suite à la mission du père Landini en 1552 consistant à limiter les dérives du clergé corse. Les premiers cours y ont eu lieu en 1601 et son oratoire est exemplaire de l'art baroque,final_mistral-small,5,"Votre réponse mentionne correctement la date de création et l'importance de l'oratoire, mais elle aurait gagné à préciser le lien avec l'histoire du baroque à Bastia et l'histoire de l'éducation en Corse, éléments clés de la considération du collège comme un 'monument vivant'. De plus, il serait utile d'éviter les informations non pertinentes comme la mission du père Landini et les premiers cours en 1601, qui ne sont pas demandées dans la question.","3 eval(mistral-small, mistral-small, mistral-small) + final(mistral-small)",,
,Pourquoi la ville de Bastia a-t-elle pu ressentir un sentiment d'injustice envers Ajaccio en 1811 ?,"La raison vient des conséquences de la Révolution française, qui laissa Bastia comme chef-lieu du département. Le département est ensuite coupé en deux, puis réunifié par Napoléon en 1811, qui déclare Ajaccio comme chef lieu et non Bastia",final_mistral-small,8,"Votre réponse mentionne correctement la Révolution française et la décision de Napoléon en 1811. Cependant, elle aurait gagné à préciser que Napoléon était originaire d'Ajaccio, ce qui a pu accentuer le sentiment d'injustice de Bastia. De plus, il serait utile d'éviter les informations non pertinentes comme les conséquences de la Révolution française et la division du département, qui ne sont pas demandées dans la question.","3 eval(mistral-small, mistral-small, mistral-small) + final(mistral-small)",,
,Pourquoi peut-on dire que Sermanu est un symbole de résistance dans le contexte du chant corse ?,"car il a vu faire réapparaître la paghjella, c'est un foyer de réappropriation culturelle (le riacquistu). La fête de Sant'Alesiu a été un événement qui a revitaliser les polyphonies corses",final_mistral-small,6,"Votre réponse mentionne correctement la réapparition de la paghjella et la fête de Sant'Alesiu. Cependant, elle aurait gagné à préciser que Sermanu est un symbole de résistance simple, ce qui est l'élément central de la question. De plus, il serait utile d'éviter les informations non pertinentes comme la fête de Sant'Alesiu, qui n'est pas demandée dans la question.","3 eval(mistral-small, mistral-small, mistral-small) + final(mistral-small)",,
Model Timing,,,,,,"3 eval(mistral-small, mistral-small, mistral-small) + final(mistral-small)",mistral-small,18.016
Model Timing,,,,,,"3 eval(mistral-small, mistral-small, mistral-small) + final(mistral-small)",final_mistral-small,5.505
